{"cameraMode":{"drawMode":0,"name":"Shaded","section":"Shading Mode"},"sceneLighting":false,"audioPlay":false,"sceneViewState":{"showFog":true,"showMaterialUpdate":false,"showSkybox":false,"showFlares":true,"showImageEffects":true,"showParticleSystems":true},"in2DMode":false,"pivot":{"x":-0.007275287061929703,"y":0.5238195657730103,"z":0.0},"rotation":{"x":0.42474108934402468,"y":-0.5527895092964172,"z":0.3905121684074402,"w":0.6013270616531372},"size":1.0632855892181397,"orthographic":false}