{"cameraMode":{"drawMode":0,"name":"Shaded","section":"Shading Mode"},"sceneLighting":true,"audioPlay":false,"sceneViewState":{"showFog":true,"showMaterialUpdate":false,"showSkybox":true,"showFlares":true,"showImageEffects":true,"showParticleSystems":true},"in2DMode":false,"pivot":{"x":19.249120712280275,"y":-43.76131057739258,"z":-14.949016571044922},"rotation":{"x":-0.03036755509674549,"y":0.885754406452179,"z":-0.45944640040397646,"w":-0.058544330298900607},"size":60.46303939819336,"orthographic":false}